{"cameraMode":{"drawMode":0,"name":"Shaded","section":"Shading Mode"},"sceneLighting":false,"audioPlay":false,"sceneViewState":{"showFog":false,"showMaterialUpdate":false,"showSkybox":false,"showFlares":false,"showImageEffects":false,"showParticleSystems":true},"in2DMode":false,"pivot":{"x":257.76446533203127,"y":-2.179356098175049,"z":44.51504898071289},"rotation":{"x":-0.21342281997203828,"y":-0.14359955489635468,"z":0.0317344032227993,"w":-0.9658275246620178},"size":16.537282943725587,"orthographic":false}